Sample,File #,DateTime,Application,Method,ElapsedTime,MgO,MgO Err,Al2O3,Al2O3 Err,SiO2,SiO2 Err,P2O5,P2O5 Err,S,S Err,Cl,Cl Err,K2O,K2O Err,CaO,CaO Err,Ti,Ti Err,V,V Err,Cr,Cr Err,Mn,Mn Err,Fe,Fe Err,Co,Co Err,Ni,Ni Err,Cu,Cu Err,Zn,Zn Err,As,As Err,Se,Se Err,Rb,Rb Err,Sr,Sr Err,Y,Y Err,Zr,Zr Err,Nb,Nb Err,Mo,Mo Err,Rh,Rh Err,Pd,Pd Err,Ag,Ag Err,Cd,Cd Err,Sn,Sn Err,Sb,Sb Err,Ba,Ba Err,La,La Err,Ce,Ce Err,Hf,Hf Err,Ta,Ta Err,W,W Err,Pt,Pt Err,Au,Au Err,Hg,Hg Err,Tl,Tl Err,Pb,Pb Err,Bi,Bi Err,Th,Th Err,U,U Err,Cal Check
PP-1,2543,11-19-2020 05:19,GeoChem,GeoChem Trace,180,2.8457,0.9636,3.8508,0.1778,15.9281,0.1614,0.2453,0.0259,0.1098,0.0103,0.0522,0.0043,0.3008,0.0075,16.0617,0.0306,0.1395,0.0034,0.0021,0.0015,< LOD,0.0009,0.023,0.002,1.2777,0.0089,< LOD,0.0019,0.0029,0.0009,0.0058,0.0006,0.0033,0.0005,< LOD,0.0002,< LOD,0.0004,0.002,0.0004,0.0348,0.0007,0.0017,0.0006,0.0095,0.0005,< LOD,0.0006,< LOD,0.0006,< LOD,0.0005,< LOD,0.0012,< LOD,0.0012,< LOD,0.0022,< LOD,0.0092,< LOD,0.0055,< LOD,0.0156,< LOD,0.0232,< LOD,0.0084,< LOD,0.0004,< LOD,0.0008,< LOD,0.0009,< LOD,0.0004,< LOD,0.0013,< LOD,0.0002,< LOD,0.0002,< LOD,0.0014,< LOD,0.0015,< LOD,0.0019,< LOD,0.0048,Passed
PP-1,2544,11-19-2020 05:22,GeoChem,GeoChem Trace,180,4.021,0.9928,3.9422,0.1821,15.9302,0.1629,0.3013,0.0269,0.1545,0.0102,0.0286,0.0044,0.3518,0.0077,17.13,0.0316,0.1678,0.0037,0.0048,0.0016,0.0131,0.0011,0.0325,0.0024,1.6584,0.0103,< LOD,0.0021,0.0026,0.0008,0.0057,0.0006,0.0034,0.0004,0.0003,0.0002,< LOD,0.0003,0.002,0.0004,0.0351,0.0006,0.0015,0.0005,0.0093,0.0004,< LOD,0.0005,< LOD,0.0005,,,< LOD,0.0014,0.0019,0.001,< LOD,0.0018,< LOD,0.0103,< LOD,0.0032,< LOD,0.0126,< LOD,0.0273,< LOD,0.0087,< LOD,0.0004,< LOD,0.0004,< LOD,0.0007,< LOD,0.0005,< LOD,0.0011,< LOD,0.0003,< LOD,0.0002,0.0021,0.0012,< LOD,0.0013,< LOD,0.0017,< LOD,0.0042,Passed
PP-1,2545,11-19-2020 05:26,GeoChem,GeoChem Trace,180,3.2701,0.6759,2.0583,0.1378,9.906,0.126,0.1863,0.0211,0.1437,0.0106,0.0432,0.0027,0.0743,0.006,10.214,0.0244,0.1032,0.003,< LOD,0.0014,< LOD,0.0008,0.0187,0.0017,0.9515,0.0072,< LOD,0.0019,0.0037,0.001,0.0055,0.0006,0.0035,0.0005,0.0003,0.0002,< LOD,0.0004,0.002,0.0005,0.0319,0.0008,0.0009,0.0007,0.0087,0.0005,< LOD,0.0008,< LOD,0.0008,< LOD,0.0005,< LOD,0.001,< LOD,0.0013,< LOD,0.0023,< LOD,0.0089,< LOD,0.0057,< LOD,0.0182,< LOD,0.0354,,,< LOD,0.0005,< LOD,0.0009,< LOD,0.001,< LOD,0.0004,< LOD,0.0015,< LOD,0.0001,< LOD,0.0001,< LOD,0.0016,< LOD,0.0017,< LOD,0.0021,< LOD,0.0053,Passed
PP-2,2546,11-19-2020 05:31,GeoChem,GeoChem Trace,181,4.6303,1.5603,5.2333,0.1946,18.106,0.1717,0.286,0.0269,0.0946,0.0094,0.0076,0.0049,0.4146,0.0078,17.4933,0.0317,0.1849,0.0036,0.0018,0.0015,< LOD,0.001,0.0464,0.0029,2.6912,0.0132,< LOD,0.0025,0.0032,0.0007,0.0063,0.0005,0.0034,0.0003,0.0003,0.0002,< LOD,0.0002,0.0021,0.0003,0.0347,0.0005,0.0014,0.0004,0.0092,0.0004,< LOD,0.0004,< LOD,0.0004,0.0135,0.0007,< LOD,0.0016,0.0035,0.0009,< LOD,0.0017,< LOD,0.0123,< LOD,0.0043,< LOD,0.013,< LOD,0.0268,< LOD,0.008,< LOD,0.0003,< LOD,0.0006,< LOD,0.0007,< LOD,0.0005,< LOD,0.0009,< LOD,0.0003,< LOD,0.0003,0.0015,0.001,< LOD,0.001,< LOD,0.0014,< LOD,0.0035,Passed
PP-2,2547,11-19-2020 05:35,GeoChem,GeoChem Trace,180,5.091,1.6507,4.6802,0.1836,16.5483,0.1638,0.235,0.0253,0.0946,0.0093,0.0133,0.0042,0.358,0.0075,15.91,0.0303,0.1511,0.0033,0.0029,0.0014,0.002,0.0009,0.045,0.0028,2.3105,0.0121,< LOD,0.0025,0.0041,0.0008,0.006,0.0005,0.0032,0.0004,0.0003,0.0002,< LOD,0.0003,0.0024,0.0003,0.0382,0.0006,0.0021,0.0005,0.0111,0.0004,0.0008,0.0005,< LOD,0.0006,0.019,0.0008,,,0.0045,0.0011,< LOD,0.0019,< LOD,0.0131,< LOD,0.0048,< LOD,0.0144,< LOD,0.0303,< LOD,0.0078,< LOD,0.0004,< LOD,0.0006,< LOD,0.0007,< LOD,0.0005,< LOD,0.001,< LOD,0.0003,< LOD,0.0003,0.0016,0.001,< LOD,0.0011,< LOD,0.0015,< LOD,0.0038,Passed
PP-2,2548,11-19-2020 05:39,GeoChem,GeoChem Trace,180,4.4315,1.1137,4.2534,0.1753,15.4654,0.1572,0.2097,0.0243,0.1343,0.0101,0.0334,0.0041,0.3071,0.0072,14.0132,0.0285,0.1313,0.0032,0.0041,0.0014,< LOD,0.0009,0.0407,0.0025,2.013,0.011,< LOD,0.0024,0.0038,0.0007,0.0055,0.0005,0.0031,0.0003,0.0004,0.0002,< LOD,0.0002,0.0019,0.0003,0.0292,0.0005,0.0017,0.0004,0.0086,0.0004,< LOD,0.0004,< LOD,0.0004,,,< LOD,0.0014,0.001,0.0009,< LOD,0.0016,< LOD,0.0116,< LOD,0.0042,< LOD,0.0119,< LOD,0.018,< LOD,0.008,< LOD,0.0003,< LOD,0.0006,< LOD,0.0006,< LOD,0.0005,< LOD,0.0009,< LOD,0.0003,< LOD,0.0002,< LOD,0.001,< LOD,0.001,< LOD,0.0014,< LOD,0.0035,Passed
PP-3,2549,11-19-2020 05:45,GeoChem,GeoChem Trace,180,3.4594,0.6523,2.0844,0.1366,9.5566,0.1241,0.1694,0.0208,0.1157,0.0102,0.0339,0.0026,0.1531,0.0064,10.3234,0.0245,0.1126,0.003,0.004,0.0014,< LOD,0.0008,0.0238,0.0018,1.2077,0.0081,< LOD,0.0021,0.0041,0.0011,0.0054,0.0006,0.0046,0.0006,0.0004,0.0002,< LOD,0.0004,0.0018,0.0005,0.0405,0.0008,0.0017,0.0007,0.0102,0.0005,< LOD,0.0008,< LOD,0.0008,< LOD,0.0005,< LOD,0.001,< LOD,0.0014,< LOD,0.0023,< LOD,0.0093,< LOD,0.0058,< LOD,0.0162,< LOD,0.0264,< LOD,0.0079,< LOD,0.0005,< LOD,0.0005,< LOD,0.001,< LOD,0.0004,< LOD,0.0015,< LOD,0.0001,< LOD,0.0001,< LOD,0.0016,< LOD,0.0016,< LOD,0.0021,< LOD,0.0053,Passed
PP-3,2550,11-19-2020 05:49,GeoChem,GeoChem Trace,180,3.4798,0.6476,2.0782,0.1325,9.2267,0.1208,0.1461,0.0197,0.1065,0.01,0.0412,0.0025,0.125,0.0061,9.1946,0.0231,0.0865,0.0027,0.0029,0.0013,< LOD,0.0007,0.0176,0.0016,0.9154,0.0069,< LOD,0.0019,0.0045,0.001,0.0059,0.0006,0.0041,0.0005,0.0004,0.0002,< LOD,0.0004,0.0021,0.0005,0.035,0.0008,0.0011,0.0007,0.0086,0.0005,< LOD,0.0008,< LOD,0.0008,< LOD,0.0005,< LOD,0.001,< LOD,0.0014,< LOD,0.0024,< LOD,0.0091,< LOD,0.006,< LOD,0.0167,< LOD,0.027,,,< LOD,0.0005,< LOD,0.0005,< LOD,0.001,< LOD,0.0003,< LOD,0.0015,< LOD,0.0001,< LOD,0.0001,< LOD,0.0017,< LOD,0.0016,< LOD,0.0021,< LOD,0.0054,Passed
PP-3,2551,11-19-2020 05:52,GeoChem,GeoChem Trace,180,2.9309,1.1507,5.4131,0.2217,22.2808,0.1966,0.292,0.0313,0.0897,0.0097,0.0401,0.0067,0.7886,0.0097,22.6333,0.0366,0.2301,0.0043,0.0026,0.0018,< LOD,0.0012,0.0538,0.0031,2.908,0.0144,< LOD,0.0023,0.0042,0.0008,0.0085,0.0007,0.0047,0.0004,< LOD,0.0002,< LOD,0.0003,0.0025,0.0003,0.0445,0.0006,0.002,0.0005,0.0102,0.0004,< LOD,0.0005,< LOD,0.0005,< LOD,0.0006,< LOD,0.0015,< LOD,0.0009,< LOD,0.0017,< LOD,0.0093,< LOD,0.0044,< LOD,0.0133,< LOD,0.0267,< LOD,0.009,< LOD,0.0004,< LOD,0.0004,< LOD,0.0007,< LOD,0.0005,< LOD,0.001,< LOD,0.0004,< LOD,0.0004,0.002,0.0011,< LOD,0.0012,< LOD,0.0015,< LOD,0.0038,Passed
PP-4,2552,11-19-2020 05:57,GeoChem,GeoChem Trace,180,4.7816,1.3627,6.8045,0.225,26.6603,0.2108,0.3032,0.0302,0.0911,0.0088,0.0334,0.0074,0.7553,0.0093,21.3555,0.0353,0.2133,0.004,0.004,0.0016,0.0023,0.0011,0.0507,0.003,2.8625,0.0141,< LOD,0.0021,0.0038,0.0007,0.0075,0.0006,0.0042,0.0004,0.0004,0.0002,< LOD,0.0003,0.0022,0.0003,0.0393,0.0006,0.0019,0.0005,0.0098,0.0004,< LOD,0.0005,< LOD,0.0005,,,< LOD,0.0016,0.0012,0.0009,< LOD,0.0017,< LOD,0.0094,< LOD,0.0043,< LOD,0.0163,< LOD,0.0183,,,< LOD,0.0004,< LOD,0.0006,< LOD,0.0006,< LOD,0.0005,< LOD,0.001,< LOD,0.0004,< LOD,0.0004,< LOD,0.001,< LOD,0.0011,< LOD,0.0014,< LOD,0.0036,Passed
PP-4,2553,11-19-2020 06:01,GeoChem,GeoChem Trace,180,3.2263,0.9723,4.0761,0.1854,17.5412,0.1697,0.2033,0.0263,0.1081,0.01,0.0388,0.0047,0.4405,0.0081,17.0731,0.0316,0.1663,0.0036,< LOD,0.0016,< LOD,0.001,0.0367,0.0025,1.9997,0.0113,< LOD,0.0022,0.0029,0.0007,0.0055,0.0005,0.0033,0.0004,< LOD,0.0002,< LOD,0.0003,0.0022,0.0003,0.0357,0.0006,0.0013,0.0005,0.0084,0.0004,< LOD,0.0005,< LOD,0.0005,< LOD,0.0006,< LOD,0.0014,0.0012,0.0009,< LOD,0.0023,< LOD,0.0106,< LOD,0.0042,0.0245,0.012,< LOD,0.0255,< LOD,0.0084,< LOD,0.0003,< LOD,0.0006,< LOD,0.0007,< LOD,0.0005,< LOD,0.001,< LOD,0.0003,< LOD,0.0002,0.0017,0.001,< LOD,0.0011,< LOD,0.0015,< LOD,0.0037,Passed
PP-4,2554,11-19-2020 06:07,GeoChem,GeoChem Trace,180,1.4894,1.034,1.0108,0.1601,6.1584,0.1158,< LOD,0.0255,< LOD,0.0131,0.0515,0.0026,< LOD,0.0075,12.3879,0.0276,0.1636,0.0049,< LOD,0.0026,< LOD,0.0015,0.0408,0.0025,2.0622,0.0109,< LOD,0.003,0.003,0.0006,0.0038,0.0004,0.0038,0.0003,< LOD,0.0001,< LOD,0.0003,0.0019,0.0003,0.0328,0.0005,0.0017,0.0005,0.008,0.0003,< LOD,0.0005,< LOD,0.0005,< LOD,0.0007,< LOD,0.0013,< LOD,0.0008,< LOD,0.0014,< LOD,0.0138,< LOD,0.0024,< LOD,0.0087,< LOD,0.0205,,,< LOD,0.0003,< LOD,0.0003,< LOD,0.0007,< LOD,0.0006,< LOD,0.001,< LOD,0.0003,< LOD,0.0002,< LOD,0.001,< LOD,0.0011,< LOD,0.0013,< LOD,0.0033,Passed
PP-5,2555,11-19-2020 06:12,GeoChem,GeoChem Trace,180,3.642,1.3998,3.3432,0.1673,13.8763,0.1505,0.2166,0.0243,0.1107,0.0098,0.0173,0.0036,0.2682,0.0072,14.8503,0.0293,0.1254,0.0031,0.0028,0.0014,< LOD,0.0009,0.0403,0.0026,2.0494,0.0112,< LOD,0.0025,0.0025,0.0006,0.0047,0.0004,0.0035,0.0003,< LOD,0.0001,< LOD,0.0002,0.0022,0.0003,0.044,0.0006,0.0017,0.0004,0.0106,0.0004,< LOD,0.0004,< LOD,0.0004,0.0131,0.0008,< LOD,0.0016,0.0031,0.0009,< LOD,0.0017,< LOD,0.0139,< LOD,0.003,< LOD,0.0118,< LOD,0.0182,< LOD,0.0077,< LOD,0.0003,< LOD,0.0003,< LOD,0.0006,< LOD,0.0005,< LOD,0.0009,< LOD,0.0003,< LOD,0.0002,0.002,0.0009,< LOD,0.001,< LOD,0.0013,< LOD,0.0035,Passed
PP-5,2556,11-19-2020 06:16,GeoChem,GeoChem Trace,180,5.1695,1.7655,4.4964,0.1896,19.0028,0.1759,0.2583,0.0265,0.1109,0.0095,0.0134,0.0047,0.4795,0.008,16.6433,0.0311,0.1756,0.0036,0.0035,0.0015,< LOD,0.001,0.051,0.0029,2.5761,0.0129,< LOD,0.0025,0.0034,0.0007,0.0057,0.0005,0.004,0.0004,< LOD,0.0002,< LOD,0.0002,0.0025,0.0003,0.0411,0.0006,0.002,0.0005,0.0109,0.0004,< LOD,0.0004,< LOD,0.0005,0.0202,0.0008,,,0.0043,0.001,< LOD,0.0017,< LOD,0.0132,< LOD,0.0031,< LOD,0.0129,< LOD,0.0187,< LOD,0.008,< LOD,0.0003,< LOD,0.0005,< LOD,0.0006,< LOD,0.0006,< LOD,0.0009,< LOD,0.0003,< LOD,0.0003,0.0021,0.001,< LOD,0.001,< LOD,0.0014,< LOD,0.0036,Passed
PP-5,2557,11-19-2020 06:19,GeoChem,GeoChem Trace,180,4.5408,1.5198,4.8147,0.1885,19.461,0.1762,0.2588,0.0258,0.098,0.0096,0.021,0.005,0.5122,0.008,15.5486,0.03,0.1653,0.0035,0.0039,0.0015,< LOD,0.001,0.0496,0.0029,2.6797,0.013,< LOD,0.0025,0.0038,0.0007,0.0056,0.0005,0.0036,0.0003,0.0002,0.0002,< LOD,0.0002,0.0023,0.0003,0.0375,0.0005,0.0017,0.0004,0.0097,0.0003,< LOD,0.0005,< LOD,0.0004,0.0138,0.0008,< LOD,0.0017,0.0029,0.0009,< LOD,0.0017,< LOD,0.0126,< LOD,0.0031,< LOD,0.0128,< LOD,0.0183,< LOD,0.0079,< LOD,0.0003,< LOD,0.0005,< LOD,0.0006,< LOD,0.0005,< LOD,0.0009,< LOD,0.0003,< LOD,0.0003,0.0019,0.0009,< LOD,0.001,< LOD,0.0014,< LOD,0.0035,Passed
PP-6,2558,11-19-2020 06:31,GeoChem,GeoChem Trace,180,3.7434,1.2914,5.6237,0.1843,20.7803,0.1767,0.1611,0.0222,0.0666,0.0094,0.0123,0.0044,0.5892,0.0079,10.7837,0.025,0.1913,0.0034,0.0044,0.0014,< LOD,0.0009,0.0595,0.0028,2.4326,0.0117,< LOD,0.0024,0.0041,0.0008,0.0048,0.0005,0.0035,0.0004,0.0005,0.0002,< LOD,0.0003,0.0032,0.0003,0.0236,0.0005,0.0027,0.0005,0.0109,0.0004,< LOD,0.0005,< LOD,0.0005,,,< LOD,0.0015,0.0017,0.001,< LOD,0.0019,< LOD,0.011,< LOD,0.0047,< LOD,0.0138,< LOD,0.0194,,,< LOD,0.0004,< LOD,0.0006,< LOD,0.0007,< LOD,0.0005,< LOD,0.001,< LOD,0.0002,< LOD,0.0002,< LOD,0.001,< LOD,0.0011,< LOD,0.0015,< LOD,0.0039,Passed
PP-6,2559,11-19-2020 06:35,GeoChem,GeoChem Trace,180,4.2862,1.1082,6.1242,0.2004,23.8909,0.1931,0.2213,0.0255,0.1134,0.0097,0.0313,0.0058,0.6279,0.0084,14.756,0.0293,0.2053,0.0037,0.0034,0.0015,< LOD,0.001,0.0404,0.0027,2.5752,0.0126,< LOD,0.0022,0.0025,0.0006,0.0068,0.0005,0.0024,0.0003,0.0003,0.0002,< LOD,0.0002,0.0023,0.0003,0.0192,0.0004,0.0017,0.0004,0.0072,0.0003,< LOD,0.0004,< LOD,0.0004,,,< LOD,0.0017,0.0012,0.0009,< LOD,0.0015,< LOD,0.0107,< LOD,0.0028,< LOD,0.0115,< LOD,0.0233,,,< LOD,0.0003,< LOD,0.0005,< LOD,0.0006,< LOD,0.0005,< LOD,0.0009,< LOD,0.0003,< LOD,0.0003,< LOD,0.0009,< LOD,0.001,< LOD,0.0013,< LOD,0.0034,Passed
PP-6,2560,11-19-2020 06:38,GeoChem,GeoChem Trace,180,3.0547,1.4901,5.9578,0.2006,22.1043,0.1864,0.1928,0.0255,0.0868,0.0095,0.0162,0.0048,0.6265,0.0084,15.2399,0.0297,0.2131,0.0037,0.0035,0.0015,< LOD,0.001,0.0566,0.0029,2.6577,0.0129,< LOD,0.0023,0.0038,0.0007,0.0057,0.0005,0.0033,0.0004,0.0006,0.0002,< LOD,0.0002,0.0031,0.0003,0.0291,0.0005,0.0022,0.0005,0.0103,0.0004,0.0007,0.0004,< LOD,0.0005,0.0112,0.0007,< LOD,0.0017,0.004,0.001,< LOD,0.0017,< LOD,0.0114,< LOD,0.0044,< LOD,0.0135,< LOD,0.019,< LOD,0.0076,< LOD,0.0004,< LOD,0.0006,< LOD,0.0006,< LOD,0.0005,< LOD,0.0009,< LOD,0.0003,< LOD,0.0003,< LOD,0.001,< LOD,0.0011,< LOD,0.0015,< LOD,0.0037,Passed
PP-7,2561,11-19-2020 06:44,GeoChem,GeoChem Trace,180,4.1639,1.913,5.7273,0.203,21.121,0.1841,0.2164,0.0263,0.0462,0.0096,0.0072,0.005,0.6836,0.0087,15.0013,0.0296,0.2374,0.0039,< LOD,0.0016,0.0091,0.0011,0.0592,0.0031,3.1119,0.0139,< LOD,0.0026,0.0035,0.0007,0.0059,0.0005,0.0042,0.0004,0.0002,0.0002,< LOD,0.0002,0.0036,0.0003,0.0317,0.0005,0.0024,0.0004,0.0122,0.0004,0.0005,0.0004,< LOD,0.0005,0.0196,0.0008,,,0.0032,0.0009,< LOD,0.0017,< LOD,0.0128,< LOD,0.0043,0.0241,0.0129,< LOD,0.018,< LOD,0.0083,< LOD,0.0003,< LOD,0.0005,< LOD,0.0006,< LOD,0.0005,< LOD,0.0009,< LOD,0.0004,< LOD,0.0003,0.0018,0.0009,< LOD,0.001,< LOD,0.0014,< LOD,0.0035,Passed
PP-7,2562,11-19-2020 06:47,GeoChem,GeoChem Trace,180,6.265,1.9954,6.0372,0.2072,22.7495,0.1912,0.2434,0.0267,0.0452,0.0092,0.0081,0.0056,0.7328,0.0088,15.1114,0.0297,0.2527,0.004,< LOD,0.0016,0.0181,0.0012,0.0604,0.0032,3.2457,0.0143,< LOD,0.0025,0.004,0.0007,0.0058,0.0005,0.0042,0.0004,0.0007,0.0002,< LOD,0.0002,0.0037,0.0003,0.033,0.0005,0.003,0.0005,0.0128,0.0004,0.0008,0.0004,0.0005,0.0005,0.0208,0.0008,,,0.0056,0.0009,< LOD,0.0017,< LOD,0.0125,< LOD,0.0044,0.0266,0.0132,< LOD,0.0261,< LOD,0.0083,< LOD,0.0003,< LOD,0.0006,< LOD,0.0006,< LOD,0.0006,< LOD,0.0009,< LOD,0.0004,< LOD,0.0003,< LOD,0.0009,< LOD,0.0011,< LOD,0.0014,< LOD,0.0033,Passed
PP-7,2563,11-19-2020 06:50,GeoChem,GeoChem Trace,180,3.9119,1.9622,5.1267,0.1911,19.1909,0.1741,0.1623,0.0246,0.0398,0.0095,0.0181,0.0043,0.5588,0.0081,13.6373,0.0282,0.2211,0.0037,0.0034,0.0015,< LOD,0.001,0.0494,0.0029,2.8254,0.0131,< LOD,0.0027,0.0034,0.0007,0.0053,0.0005,0.0037,0.0004,0.0003,0.0002,< LOD,0.0002,0.0034,0.0003,0.0284,0.0005,0.0024,0.0005,0.0116,0.0004,0.0006,0.0004,< LOD,0.0005,0.0203,0.0008,< LOD,0.0017,0.0046,0.001,< LOD,0.0017,< LOD,0.0134,< LOD,0.0044,< LOD,0.0131,< LOD,0.0267,< LOD,0.0078,< LOD,0.0003,< LOD,0.0006,< LOD,0.0006,< LOD,0.0006,< LOD,0.0009,< LOD,0.0003,< LOD,0.0003,< LOD,0.0009,< LOD,0.001,< LOD,0.0014,< LOD,0.0035,Passed
PP-8,2564,11-19-2020 06:55,GeoChem,GeoChem Trace,180,3.9428,1.303,5.3713,0.2031,17.301,0.1728,0.2664,0.0291,0.1035,0.0092,0.0273,0.0054,0.3969,0.0082,22.1743,0.0359,0.1772,0.0038,0.0023,0.0016,0.0216,0.0012,0.0345,0.0026,1.9132,0.0116,< LOD,0.002,0.0023,0.0008,0.0062,0.0006,0.0029,0.0004,0.0006,0.0002,< LOD,0.0003,0.0021,0.0003,0.0254,0.0005,0.0025,0.0005,0.007,0.0004,0.0007,0.0005,< LOD,0.0005,,,< LOD,0.0015,0.0024,0.0011,< LOD,0.0019,< LOD,0.0106,< LOD,0.005,< LOD,0.0151,< LOD,0.0227,< LOD,0.0086,< LOD,0.0003,< LOD,0.0006,< LOD,0.0008,< LOD,0.0005,< LOD,0.0011,< LOD,0.0003,< LOD,0.0003,< LOD,0.0012,< LOD,0.0012,< LOD,0.0016,< LOD,0.004,Passed
PP-8,2565,11-19-2020 06:59,GeoChem,GeoChem Trace,180,6.4007,1.5452,5.4601,0.1987,18.4489,0.1754,0.2832,0.0278,0.0968,0.0088,0.0169,0.0053,0.4544,0.0081,19.8262,0.0337,0.1715,0.0036,0.0022,0.0015,< LOD,0.0009,0.0364,0.0026,1.856,0.0112,< LOD,0.002,0.0031,0.0007,0.0058,0.0006,0.0027,0.0004,0.0002,0.0002,< LOD,0.0003,0.0019,0.0003,0.0255,0.0005,0.002,0.0005,0.0067,0.0004,< LOD,0.0006,< LOD,0.0005,0.0158,0.0007,< LOD,0.0016,0.0051,0.0011,< LOD,0.0019,< LOD,0.0118,< LOD,0.0049,< LOD,0.015,< LOD,0.0221,< LOD,0.0078,< LOD,0.0003,< LOD,0.0004,< LOD,0.0006,< LOD,0.0005,< LOD,0.001,< LOD,0.0003,< LOD,0.0003,< LOD,0.001,< LOD,0.0011,< LOD,0.0015,< LOD,0.0039,Passed
PP-8,2566,11-19-2020 07:02,GeoChem,GeoChem Trace,180,3.873,0.901,3.9547,0.1808,15.5108,0.1599,0.2347,0.0257,0.1149,0.0102,0.0299,0.0045,0.3977,0.0078,15.8775,0.0304,0.1774,0.0037,< LOD,0.0016,0.0017,0.001,0.0379,0.0025,1.9681,0.011,< LOD,0.0023,0.0028,0.0008,0.006,0.0006,0.0037,0.0004,0.0002,0.0002,< LOD,0.0003,0.0025,0.0004,0.0344,0.0006,0.0018,0.0005,0.0098,0.0004,< LOD,0.0005,< LOD,0.0005,< LOD,0.0006,< LOD,0.0014,< LOD,0.001,< LOD,0.0018,< LOD,0.0104,< LOD,0.0046,< LOD,0.0132,< LOD,0.0289,,,< LOD,0.0004,< LOD,0.0007,< LOD,0.0008,< LOD,0.0005,< LOD,0.0011,< LOD,0.0003,< LOD,0.0002,< LOD,0.0012,< LOD,0.0013,< LOD,0.0016,< LOD,0.0041,Passed
PP-9,2567,11-24-2020 22:56,GeoChem,GeoChem Trace,180,3.609,0.8491,2.517,0.1614,11.3135,0.1389,0.2577,0.025,0.4677,0.013,0.6887,0.0047,0.1984,0.0069,13.9172,0.0286,0.1408,0.0034,0.0046,0.0016,< LOD,0.0009,0.0287,0.0022,1.5489,0.0096,< LOD,0.0023,0.0032,0.0008,0.0064,0.0005,0.0039,0.0004,< LOD,0.0002,< LOD,0.0003,0.002,0.0004,0.0427,0.0007,0.0014,0.0006,0.0095,0.0004,< LOD,0.0007,< LOD,0.0005,< LOD,0.0006,< LOD,0.0012,< LOD,0.001,< LOD,0.0018,< LOD,0.0105,< LOD,0.0046,< LOD,0.0125,< LOD,0.0197,< LOD,0.0087,< LOD,0.0004,< LOD,0.0004,< LOD,0.0008,< LOD,0.0005,< LOD,0.0012,< LOD,0.0002,< LOD,0.0002,< LOD,0.0013,< LOD,0.0013,< LOD,0.0017,< LOD,0.0043,Passed
PP-9,2568,11-24-2020 23:02,GeoChem,GeoChem Trace,180,5.9648,1.382,4.2638,0.189,17.675,0.171,0.3221,0.0276,0.5728,0.0126,0.8634,0.0073,0.3558,0.0075,16.9104,0.0314,0.1654,0.0036,0.0041,0.0016,0.0017,0.001,0.0385,0.0026,2.2531,0.012,< LOD,0.0023,0.0025,0.0007,0.0073,0.0005,0.0038,0.0004,0.0002,0.0002,< LOD,0.0003,0.0023,0.0003,0.052,0.0006,0.0015,0.0005,0.0109,0.0004,< LOD,0.0005,< LOD,0.0005,,,< LOD,0.0015,0.0013,0.0009,< LOD,0.0016,< LOD,0.0107,< LOD,0.004,< LOD,0.0117,< LOD,0.0171,< LOD,0.0084,< LOD,0.0004,< LOD,0.0003,< LOD,0.0007,< LOD,0.0005,< LOD,0.001,< LOD,0.0003,< LOD,0.0003,< LOD,0.0011,< LOD,0.0011,< LOD,0.0015,< LOD,0.0037,Passed
PP-9,2569,11-24-2020 23:06,GeoChem,GeoChem Trace,180,3.535,1.3694,6.5229,0.2488,27.0198,0.2196,0.462,0.0355,0.6325,0.012,1.2511,0.0127,0.7593,0.0097,25.7626,0.0393,0.2683,0.0047,0.0046,0.002,< LOD,0.0014,0.0581,0.0033,3.5424,0.0164,< LOD,0.0022,0.0031,0.0006,0.0094,0.0007,0.0039,0.0003,0.0002,0.0002,< LOD,0.0002,0.0021,0.0003,0.0458,0.0006,0.0015,0.0004,0.0151,0.0004,< LOD,0.0004,< LOD,0.0004,,,< LOD,0.0017,0.0013,0.0008,< LOD,0.0014,< LOD,0.0091,< LOD,0.0036,< LOD,0.0111,< LOD,0.0147,< LOD,0.0093,< LOD,0.0003,< LOD,0.0005,< LOD,0.0006,< LOD,0.0006,< LOD,0.0009,< LOD,0.0006,< LOD,0.0005,< LOD,0.0009,< LOD,0.001,< LOD,0.0013,< LOD,0.0033,Passed
PP-10,2570,11-24-2020 23:12,GeoChem,GeoChem Trace,180,4.1042,0.9081,3.6305,0.1816,15.7362,0.1626,0.3352,0.0274,0.3677,0.0117,0.068,0.0046,0.4015,0.0079,17.1236,0.0317,0.1729,0.0037,0.0032,0.0016,0.0012,0.001,0.0384,0.0025,1.9545,0.0111,< LOD,0.0023,0.0032,0.0008,0.008,0.0006,0.0037,0.0004,< LOD,0.0002,< LOD,0.0003,0.0014,0.0004,0.0354,0.0006,0.0013,0.0005,0.0076,0.0004,< LOD,0.0006,< LOD,0.0005,< LOD,0.0006,< LOD,0.0013,< LOD,0.0011,< LOD,0.0018,< LOD,0.01,< LOD,0.0045,< LOD,0.0127,< LOD,0.0192,,,< LOD,0.0004,< LOD,0.0004,< LOD,0.0008,< LOD,0.0005,< LOD,0.0011,< LOD,0.0003,< LOD,0.0002,< LOD,0.0012,< LOD,0.0013,< LOD,0.0017,< LOD,0.0041,Passed
PP-10,2571,11-24-2020 23:16,GeoChem,GeoChem Trace,180,3.6286,0.8555,3.959,0.1883,17.2808,0.1702,0.3494,0.0279,0.1813,0.0106,0.0625,0.005,0.4459,0.0082,17.758,0.0323,0.2096,0.004,0.0073,0.0017,< LOD,0.0011,0.0378,0.0026,2.3347,0.0122,< LOD,0.0024,0.0038,0.0009,0.0185,0.0009,0.0038,0.0004,0.0003,0.0002,< LOD,0.0003,0.0015,0.0004,0.0363,0.0006,0.0014,0.0005,0.0074,0.0004,< LOD,0.0005,< LOD,0.0005,< LOD,0.0006,< LOD,0.0014,< LOD,0.001,< LOD,0.0018,< LOD,0.0098,< LOD,0.0046,< LOD,0.0131,< LOD,0.0277,,,< LOD,0.0005,< LOD,0.0007,< LOD,0.0008,< LOD,0.0005,< LOD,0.0012,< LOD,0.0003,< LOD,0.0003,0.0025,0.0012,< LOD,0.0013,< LOD,0.0017,< LOD,0.004,Passed
PP-10,2572,11-24-2020 23:22,GeoChem,GeoChem Trace,180,3.3787,1.0036,3.9764,0.1938,18.0602,0.1749,0.3362,0.0289,0.4645,0.0121,0.1213,0.0053,0.4646,0.0083,19.2587,0.0337,0.2038,0.004,0.0071,0.0017,0.0032,0.0011,0.0407,0.0026,2.3514,0.0125,< LOD,0.0023,0.0034,0.0008,0.0075,0.0006,0.0037,0.0004,0.0002,0.0002,< LOD,0.0003,0.0015,0.0003,0.0453,0.0007,0.0015,0.0005,0.0092,0.0004,< LOD,0.0006,< LOD,0.0005,< LOD,0.0006,< LOD,0.0014,< LOD,0.0009,< LOD,0.0017,< LOD,0.0098,< LOD,0.0043,< LOD,0.0125,< LOD,0.0183,,,< LOD,0.0004,< LOD,0.0004,< LOD,0.0008,< LOD,0.0005,< LOD,0.0011,< LOD,0.0003,< LOD,0.0003,< LOD,0.0011,< LOD,0.0012,< LOD,0.0016,< LOD,0.0039,Passed
PP-11,2573,11-24-2020 23:30,GeoChem,GeoChem Trace,180,4.7494,1.0478,4.6471,0.206,18.1969,0.1779,0.3454,0.0306,1.2157,0.0151,0.1172,0.0064,0.6197,0.009,21.4792,0.0356,0.2342,0.0043,0.0059,0.0019,0.003,0.0012,0.0467,0.0029,2.5918,0.0135,< LOD,0.0023,0.0026,0.0006,0.0058,0.0005,0.0026,0.0003,< LOD,0.0002,< LOD,0.0002,0.0018,0.0003,0.0366,0.0005,0.0014,0.0004,0.0088,0.0003,0.0006,0.0004,< LOD,0.0004,< LOD,0.0007,< LOD,0.0016,< LOD,0.0008,< LOD,0.0015,< LOD,0.0108,< LOD,0.0037,< LOD,0.0106,< LOD,0.0221,,,< LOD,0.0003,< LOD,0.0006,< LOD,0.0007,< LOD,0.0005,< LOD,0.0009,< LOD,0.0004,< LOD,0.0004,< LOD,0.0009,< LOD,0.001,< LOD,0.0014,< LOD,0.0034,Passed
PP-11,2574,11-24-2020 23:34,GeoChem,GeoChem Trace,180,4.2965,1.193,4.9688,0.2202,20.0361,0.19,0.3494,0.0327,0.4196,0.0108,0.1575,0.0069,0.6661,0.0095,25.7167,0.039,0.2426,0.0045,0.0063,0.0019,< LOD,0.0012,0.0392,0.0029,2.4677,0.0136,< LOD,0.0021,0.002,0.0006,0.0055,0.0006,0.0024,0.0003,< LOD,0.0002,< LOD,0.0003,0.0013,0.0003,0.0263,0.0005,0.0009,0.0004,0.0061,0.0003,< LOD,0.0004,< LOD,0.0004,,,< LOD,0.0016,< LOD,0.0008,< LOD,0.0015,< LOD,0.0101,< LOD,0.0038,< LOD,0.0112,< LOD,0.0161,< LOD,0.0093,< LOD,0.0003,< LOD,0.0006,< LOD,0.0006,< LOD,0.0005,< LOD,0.0009,< LOD,0.0005,< LOD,0.0004,< LOD,0.001,< LOD,0.0011,< LOD,0.0014,< LOD,0.0034,Passed
PP-11,2575,11-24-2020 23:38,GeoChem,GeoChem Trace,180,2.9836,0.9454,4.0454,0.196,17.1166,0.1713,0.2255,0.0286,0.6026,0.013,0.0969,0.0052,0.5028,0.0086,19.4731,0.0339,0.2116,0.0041,0.0046,0.0018,< LOD,0.0011,0.0297,0.0025,2.1004,0.0119,< LOD,0.0023,0.0026,0.0006,0.0051,0.0005,0.0026,0.0003,< LOD,0.0002,< LOD,0.0003,0.0017,0.0003,0.0242,0.0005,0.0011,0.0005,0.0075,0.0003,< LOD,0.0005,< LOD,0.0004,< LOD,0.0006,< LOD,0.0015,< LOD,0.0008,< LOD,0.0015,< LOD,0.0106,< LOD,0.0038,< LOD,0.011,< LOD,0.0235,,,< LOD,0.0003,< LOD,0.0006,< LOD,0.0007,< LOD,0.0005,< LOD,0.0009,< LOD,0.0003,< LOD,0.0003,< LOD,0.001,< LOD,0.0011,< LOD,0.0014,< LOD,0.0035,Passed
PP-12,2576,11-24-2020 23:43,GeoChem,GeoChem Trace,180,2.554,0.6479,1.4183,0.1347,8.0971,0.1163,0.1472,0.0207,0.1089,0.0111,0.0272,0.0022,0.0732,0.0061,8.707,0.0226,0.1068,0.003,0.0023,0.0014,< LOD,0.0008,0.0143,0.0015,0.7236,0.0061,< LOD,0.0018,0.0036,0.0011,0.0052,0.0006,0.0029,0.0006,0.0003,0.0002,< LOD,0.0004,0.0015,0.0005,0.0257,0.0008,< LOD,0.0008,0.0083,0.0006,< LOD,0.0008,< LOD,0.0008,< LOD,0.0005,< LOD,0.001,< LOD,0.0015,< LOD,0.0025,< LOD,0.0092,< LOD,0.0064,< LOD,0.0209,< LOD,0.0277,< LOD,0.0083,< LOD,0.0005,< LOD,0.001,< LOD,0.0011,< LOD,0.0004,< LOD,0.0016,< LOD,0.0001,< LOD,0.0001,< LOD,0.0019,< LOD,0.0019,< LOD,0.0023,< LOD,0.006,Passed
PP-12,2577,11-24-2020 23:50,GeoChem,GeoChem Trace,180,2.9977,0.6636,1.5514,0.1319,6.5345,0.1058,0.1032,0.0202,0.5609,0.0139,0.0347,0.0021,0.0439,0.0059,8.3059,0.022,0.0843,0.0027,< LOD,0.0013,< LOD,0.0007,0.0092,0.0013,0.6079,0.0056,< LOD,0.0017,0.0037,0.0012,0.0053,0.0006,0.0032,0.0006,< LOD,0.0002,< LOD,0.0005,0.0019,0.0006,0.0283,0.0009,< LOD,0.0008,0.0086,0.0006,< LOD,0.0008,< LOD,0.0008,< LOD,0.0004,< LOD,0.001,< LOD,0.0018,< LOD,0.0038,< LOD,0.0088,< LOD,0.0049,< LOD,0.0184,< LOD,0.0453,,,< LOD,0.0006,< LOD,0.0011,< LOD,0.0013,< LOD,0.0004,< LOD,0.0018,< LOD,0.0001,< LOD,0.0001,< LOD,0.0019,< LOD,0.002,< LOD,0.0025,< LOD,0.006,Passed
PP-12,2578,11-24-2020 23:54,GeoChem,GeoChem Trace,180,3.2039,0.8473,3.5765,0.179,15.3831,0.1603,0.2892,0.0266,0.1985,0.0107,0.0198,0.0042,0.477,0.0083,16.8203,0.0314,0.1877,0.0038,0.0041,0.0016,< LOD,0.001,0.0299,0.0023,1.686,0.0103,< LOD,0.0021,0.0029,0.0008,0.0063,0.0006,0.0036,0.0004,0.0002,0.0002,< LOD,0.0003,0.0021,0.0004,0.0309,0.0006,0.0015,0.0006,0.0097,0.0004,< LOD,0.0005,< LOD,0.0007,< LOD,0.0006,< LOD,0.0013,< LOD,0.0011,< LOD,0.0027,< LOD,0.0097,< LOD,0.0034,< LOD,0.0138,< LOD,0.0207,,,< LOD,0.0004,< LOD,0.0007,< LOD,0.0008,< LOD,0.0005,< LOD,0.0012,< LOD,0.0003,< LOD,0.0002,< LOD,0.0014,< LOD,0.0014,< LOD,0.0018,< LOD,0.0045,Passed
PP-13,2579,11-24-2020 23:59,GeoChem,GeoChem Trace,180,7.4036,1.4454,5.9409,0.2194,23.7329,0.2018,0.6703,0.033,0.2615,0.0093,0.0742,0.0071,0.7466,0.0093,23.073,0.0366,0.2095,0.0041,0.0051,0.0017,< LOD,0.0011,0.0507,0.003,2.7547,0.0141,< LOD,0.0021,0.0042,0.0008,0.0132,0.0008,0.0055,0.0004,0.0003,0.0002,< LOD,0.0003,0.0022,0.0003,0.0533,0.0007,0.0017,0.0005,0.0108,0.0004,< LOD,0.0004,< LOD,0.0005,,,< LOD,0.0016,< LOD,0.0009,< LOD,0.0016,< LOD,0.0091,< LOD,0.004,< LOD,0.0119,< LOD,0.0235,< LOD,0.0082,< LOD,0.0004,< LOD,0.0006,< LOD,0.0007,< LOD,0.0005,< LOD,0.001,< LOD,0.0005,< LOD,0.0004,0.002,0.0011,< LOD,0.0012,< LOD,0.0015,< LOD,0.0038,Passed
PP-13,2580,11-25-2020 00:02,GeoChem,GeoChem Trace,180,2.0932,1.0025,4.5156,0.2091,21.2931,0.1913,0.5744,0.0323,0.2787,0.0109,0.0707,0.0058,0.6354,0.0091,21.9728,0.0361,0.2069,0.0041,0.0056,0.0018,< LOD,0.0011,0.0387,0.0027,2.1353,0.0122,< LOD,0.002,0.0031,0.0007,0.0116,0.0007,0.0047,0.0004,0.0004,0.0002,< LOD,0.0003,0.0019,0.0003,0.0461,0.0006,0.0013,0.0005,0.0098,0.0004,< LOD,0.0004,< LOD,0.0005,< LOD,0.0006,< LOD,0.0015,< LOD,0.0009,< LOD,0.0022,< LOD,0.0095,< LOD,0.0039,< LOD,0.0119,< LOD,0.0166,< LOD,0.0089,< LOD,0.0004,< LOD,0.0004,< LOD,0.0007,< LOD,0.0005,< LOD,0.001,< LOD,0.0004,< LOD,0.0003,< LOD,0.0011,< LOD,0.0012,< LOD,0.0015,< LOD,0.0037,Passed
PP-13,2581,11-25-2020 00:06,GeoChem,GeoChem Trace,180,4.1462,0.8328,3.4431,0.1817,15.976,0.1643,0.4769,0.0286,0.2334,0.0109,0.0753,0.0047,0.4336,0.0081,17.6402,0.0321,0.1621,0.0037,0.0042,0.0016,< LOD,0.001,0.0274,0.0022,1.5035,0.0098,< LOD,0.002,0.0027,0.0008,0.0091,0.0007,0.0048,0.0005,< LOD,0.0002,< LOD,0.0003,0.0021,0.0004,0.0458,0.0007,0.0014,0.0006,0.0099,0.0004,< LOD,0.0005,< LOD,0.0007,< LOD,0.0005,< LOD,0.0013,< LOD,0.0012,< LOD,0.0018,< LOD,0.0095,< LOD,0.0033,< LOD,0.013,< LOD,0.0197,,,< LOD,0.0004,< LOD,0.0004,< LOD,0.0008,< LOD,0.0004,< LOD,0.0012,< LOD,0.0003,< LOD,0.0002,0.0024,0.0013,< LOD,0.0013,< LOD,0.0017,< LOD,0.0043,Passed
PP-14,2582,11-25-2020 00:11,GeoChem,GeoChem Trace,180,4.3657,0.92,4.6861,0.2029,16.4195,0.1707,0.3487,0.0308,0.9656,0.0137,0.0771,0.0057,0.4004,0.0083,23.5224,0.0371,0.1876,0.0041,0.0052,0.0018,< LOD,0.001,0.0231,0.0023,1.7485,0.0112,< LOD,0.002,0.0019,0.0007,0.0061,0.0006,0.0023,0.0004,< LOD,0.0002,< LOD,0.0003,0.0013,0.0003,0.0395,0.0006,0.0012,0.0005,0.0086,0.0004,< LOD,0.0005,< LOD,0.0005,< LOD,0.0006,< LOD,0.0014,< LOD,0.0011,< LOD,0.0025,< LOD,0.0096,< LOD,0.0044,< LOD,0.0153,< LOD,0.0276,,,< LOD,0.0003,< LOD,0.0004,< LOD,0.0008,< LOD,0.0005,< LOD,0.0011,< LOD,0.0004,< LOD,0.0003,< LOD,0.0011,< LOD,0.0013,< LOD,0.0016,< LOD,0.0037,Passed
PP-14,2583,11-25-2020 00:15,GeoChem,GeoChem Trace,180,4.1791,1.0951,5.2036,0.2088,19.164,0.1817,0.273,0.0297,0.1439,0.0096,0.0889,0.0057,0.4708,0.0084,21.5893,0.0356,0.2292,0.0042,0.006,0.0018,< LOD,0.0011,0.0381,0.0027,2.3437,0.0127,< LOD,0.0022,0.0025,0.0007,0.0064,0.0006,0.0025,0.0003,0.0002,0.0002,< LOD,0.0003,0.0018,0.0003,0.0317,0.0005,0.0016,0.0005,0.0087,0.0004,< LOD,0.0004,0.0007,0.0005,< LOD,0.0006,< LOD,0.0015,< LOD,0.001,< LOD,0.0016,< LOD,0.0098,< LOD,0.0041,< LOD,0.0119,< LOD,0.0244,,,< LOD,0.0003,< LOD,0.0006,< LOD,0.0007,< LOD,0.0005,< LOD,0.001,< LOD,0.0004,< LOD,0.0003,< LOD,0.0011,< LOD,0.0011,< LOD,0.0015,< LOD,0.0034,Passed
PP-14,2584,11-25-2020 00:18,GeoChem,GeoChem Trace,180,4.7464,1.1389,5.9204,0.2223,20.4361,0.19,0.3109,0.0316,0.1624,0.0092,0.1159,0.0066,0.5674,0.009,24.6647,0.038,0.2395,0.0044,0.006,0.0018,< LOD,0.0011,0.0392,0.0028,2.58,0.0137,< LOD,0.0022,0.0023,0.0007,0.0076,0.0007,0.0024,0.0003,< LOD,0.0002,< LOD,0.0003,0.0019,0.0003,0.034,0.0006,0.0013,0.0005,0.0091,0.0004,< LOD,0.0004,< LOD,0.0005,< LOD,0.0006,< LOD,0.0015,< LOD,0.0009,< LOD,0.0016,< LOD,0.0092,< LOD,0.004,< LOD,0.0117,< LOD,0.0166,,,< LOD,0.0004,< LOD,0.0003,< LOD,0.0007,< LOD,0.0005,< LOD,0.001,< LOD,0.0004,< LOD,0.0004,< LOD,0.0011,< LOD,0.0012,< LOD,0.0015,< LOD,0.0037,Passed
PP-15,2585,11-25-2020 01:08,GeoChem,GeoChem Trace,180,5.5386,1.0865,4.1189,0.1799,15.72,0.1606,0.2311,0.0256,0.1296,0.0097,0.2083,0.0049,0.3362,0.0074,16.4105,0.0308,0.1505,0.0034,0.0036,0.0015,< LOD,0.0009,0.0222,0.002,1.5261,0.0097,< LOD,0.0019,0.0043,0.0012,0.0087,0.0009,0.0038,0.0006,0.0005,0.0003,< LOD,0.0005,0.0023,0.0006,0.0374,0.0009,0.0019,0.0008,0.0099,0.0006,< LOD,0.0009,< LOD,0.0009,< LOD,0.0005,< LOD,0.0011,< LOD,0.0016,< LOD,0.0036,< LOD,0.0076,< LOD,0.0063,< LOD,0.0215,< LOD,0.0266,,,< LOD,0.0006,< LOD,0.0011,< LOD,0.0012,< LOD,0.0004,< LOD,0.0018,< LOD,0.0002,< LOD,0.0002,< LOD,0.0019,< LOD,0.002,< LOD,0.0024,< LOD,0.0061,Passed
PP-15,2586,11-25-2020 01:13,GeoChem,GeoChem Trace,180,3.7191,1.1699,4.7529,0.1972,17.887,0.1734,0.2547,0.0279,0.202,0.0102,0.2474,0.0056,0.4223,0.0081,19.3714,0.0336,0.1747,0.0037,0.0044,0.0016,< LOD,0.001,0.0284,0.0024,1.965,0.0114,< LOD,0.0021,0.0027,0.0009,0.0071,0.0007,0.0031,0.0004,0.0005,0.0002,< LOD,0.0003,0.0018,0.0004,0.0369,0.0007,0.0015,0.0006,0.0091,0.0005,< LOD,0.0005,< LOD,0.0006,< LOD,0.0006,< LOD,0.0013,< LOD,0.0012,< LOD,0.0019,< LOD,0.0089,< LOD,0.0048,< LOD,0.0137,< LOD,0.0286,,,< LOD,0.0004,< LOD,0.0004,< LOD,0.0008,< LOD,0.0004,< LOD,0.0013,< LOD,0.0003,< LOD,0.0003,< LOD,0.0014,< LOD,0.0015,< LOD,0.0018,< LOD,0.0045,Passed
PP-15,2587,11-25-2020 01:17,GeoChem,GeoChem Trace,180,3.0071,1.276,5.1755,0.2106,19.5082,0.1832,0.2292,0.0296,0.155,0.01,0.2595,0.0061,0.513,0.0086,21.6472,0.0356,0.2211,0.0041,0.0039,0.0017,< LOD,0.0011,0.0307,0.0025,2.1429,0.0122,< LOD,0.0021,0.002,0.0007,0.0062,0.0006,0.0027,0.0004,0.0004,0.0002,< LOD,0.0003,0.0017,0.0003,0.0315,0.0006,0.0014,0.0005,0.009,0.0004,< LOD,0.0005,< LOD,0.0005,< LOD,0.0006,< LOD,0.0015,< LOD,0.0009,< LOD,0.0017,< LOD,0.0097,< LOD,0.0042,< LOD,0.0124,< LOD,0.018,< LOD,0.0072,< LOD,0.0004,0.0007,0.0006,< LOD,0.0007,< LOD,0.0005,< LOD,0.001,< LOD,0.0004,< LOD,0.0003,< LOD,0.0011,< LOD,0.0011,< LOD,0.0015,< LOD,0.0038,Passed
PP-16,2588,11-25-2020 01:22,GeoChem,GeoChem Trace,180,3.0689,0.9846,3.5084,0.1827,15.5808,0.1632,0.3175,0.0279,0.1508,0.0102,0.0542,0.0044,0.3605,0.008,18.9899,0.0333,0.1698,0.0037,0.0036,0.0017,< LOD,0.001,0.0315,0.0024,1.9434,0.0113,< LOD,0.0022,0.0033,0.0008,0.0086,0.0006,0.0036,0.0004,0.0004,0.0002,< LOD,0.0003,0.0015,0.0004,0.0345,0.0006,0.0013,0.0005,0.0079,0.0004,< LOD,0.0006,< LOD,0.0006,< LOD,0.0006,< LOD,0.0013,< LOD,0.001,< LOD,0.0018,< LOD,0.01,< LOD,0.0044,< LOD,0.0155,< LOD,0.0194,< LOD,0.0072,< LOD,0.0004,< LOD,0.0007,< LOD,0.0007,< LOD,0.0005,< LOD,0.0011,< LOD,0.0003,< LOD,0.0002,< LOD,0.0012,< LOD,0.0013,< LOD,0.0016,< LOD,0.0041,Passed
PP-16,2589,11-25-2020 01:27,GeoChem,GeoChem Trace,180,7.8264,1.7259,5.7136,0.2194,22.1789,0.1966,0.4469,0.032,0.1807,0.0087,0.0627,0.0069,0.6261,0.009,23.9643,0.0373,0.2262,0.0042,0.0053,0.0017,< LOD,0.0011,0.0521,0.0029,2.8336,0.0143,< LOD,0.0021,0.0047,0.0009,0.013,0.0009,0.0049,0.0005,< LOD,0.0003,< LOD,0.0004,0.0021,0.0004,0.0452,0.0007,0.0018,0.0006,0.0104,0.0005,< LOD,0.0006,< LOD,0.0006,< LOD,0.0006,< LOD,0.0013,0.0013,0.001,< LOD,0.0018,< LOD,0.0077,< LOD,0.0045,< LOD,0.013,< LOD,0.0177,< LOD,0.0084,< LOD,0.0005,< LOD,0.0008,< LOD,0.0009,< LOD,0.0005,< LOD,0.0013,< LOD,0.0004,< LOD,0.0004,< LOD,0.0014,< LOD,0.0016,< LOD,0.0019,< LOD,0.0046,Passed
PP-16,2590,11-25-2020 01:32,GeoChem,GeoChem Trace,180,4.4791,0.9579,3.7287,0.1848,15.8142,0.1642,0.3677,0.0285,0.6347,0.0127,0.0699,0.0049,0.4065,0.008,19.2558,0.0335,0.1805,0.0038,0.0047,0.0017,< LOD,0.001,0.0357,0.0025,2.124,0.0119,< LOD,0.0023,0.0039,0.0008,0.0076,0.0006,0.0033,0.0004,0.0004,0.0002,< LOD,0.0003,0.0015,0.0004,0.0334,0.0006,0.0021,0.0005,0.0079,0.0004,< LOD,0.0005,< LOD,0.0005,< LOD,0.0006,< LOD,0.0014,< LOD,0.001,< LOD,0.0018,< LOD,0.01,< LOD,0.0032,< LOD,0.0127,< LOD,0.0189,,,< LOD,0.0004,< LOD,0.0007,< LOD,0.0007,< LOD,0.0005,< LOD,0.0012,< LOD,0.0003,< LOD,0.0003,< LOD,0.0012,< LOD,0.0013,< LOD,0.0016,< LOD,0.004,Passed
PP-17,2591,11-25-2020 01:36,GeoChem,GeoChem Trace,180,4.1288,1.1493,5.096,0.2062,21.235,0.1887,0.3728,0.0295,0.2147,0.0104,0.4589,0.0071,0.6627,0.009,19.2902,0.0337,0.2374,0.0042,0.0062,0.0018,0.002,0.0012,0.0429,0.0028,2.766,0.0136,< LOD,0.0023,0.0026,0.0006,0.0069,0.0005,0.0033,0.0003,0.0002,0.0002,< LOD,0.0003,0.002,0.0003,0.0295,0.0005,0.0015,0.0004,0.0089,0.0003,< LOD,0.0004,< LOD,0.0004,< LOD,0.0007,< LOD,0.0016,< LOD,0.0008,< LOD,0.0015,< LOD,0.0103,< LOD,0.0027,< LOD,0.011,< LOD,0.0221,,,< LOD,0.0003,< LOD,0.0003,< LOD,0.0007,< LOD,0.0005,< LOD,0.0009,< LOD,0.0004,< LOD,0.0003,< LOD,0.001,< LOD,0.0011,< LOD,0.0014,< LOD,0.0034,Passed
PP-17,2592,11-25-2020 01:41,GeoChem,GeoChem Trace,180,2.5172,0.8713,2.8646,0.1661,13.4313,0.1485,0.2375,0.0247,0.1851,0.0114,0.3364,0.0041,0.2976,0.0073,13.1751,0.0278,0.156,0.0035,0.0045,0.0016,< LOD,0.0009,0.0247,0.002,1.4903,0.0093,< LOD,0.0022,0.0028,0.0008,0.0053,0.0005,0.0029,0.0004,< LOD,0.0002,< LOD,0.0003,0.0021,0.0004,0.0298,0.0006,0.0016,0.0006,0.0089,0.0004,< LOD,0.0006,< LOD,0.0006,< LOD,0.0006,< LOD,0.0013,< LOD,0.0012,< LOD,0.0019,< LOD,0.0102,< LOD,0.0047,< LOD,0.0158,< LOD,0.0203,< LOD,0.0088,< LOD,0.0004,< LOD,0.0004,< LOD,0.0009,< LOD,0.0004,< LOD,0.0012,< LOD,0.0002,< LOD,0.0002,< LOD,0.0014,< LOD,0.0014,< LOD,0.0018,< LOD,0.0043,Passed
PP-17,2593,11-25-2020 01:44,GeoChem,GeoChem Trace,180,3.1751,0.8607,2.5719,0.1507,11.1588,0.1338,0.2162,0.0221,0.1185,0.0105,0.2776,0.0033,0.1837,0.0065,10.596,0.0248,0.1193,0.003,< LOD,0.0014,< LOD,0.0008,0.0182,0.0017,1.0308,0.0075,< LOD,0.0019,0.004,0.0011,0.0066,0.0007,0.0039,0.0006,< LOD,0.0003,< LOD,0.0004,0.0016,0.0005,0.0272,0.0008,0.0009,0.0008,0.0082,0.0006,< LOD,0.0009,< LOD,0.0009,< LOD,0.0005,< LOD,0.0011,< LOD,0.0015,< LOD,0.0034,< LOD,0.0089,< LOD,0.0062,< LOD,0.02,< LOD,0.0389,,,< LOD,0.0006,< LOD,0.0009,< LOD,0.0011,< LOD,0.0004,< LOD,0.0016,< LOD,0.0001,< LOD,0.0001,< LOD,0.0018,< LOD,0.0019,< LOD,0.0023,< LOD,0.0059,Passed
PP-18,2594,11-25-2020 01:49,GeoChem,GeoChem Trace,180,4.0061,0.971,3.8041,0.1986,12.7511,0.1577,0.3241,0.0314,0.3371,0.0104,0.245,0.0054,0.3757,0.0086,26.663,0.0395,0.1801,0.0042,0.0032,0.0019,< LOD,0.0011,0.0233,0.0023,1.666,0.0112,< LOD,0.0021,0.0011,0.0007,0.0045,0.0006,0.0022,0.0003,0.0003,0.0002,< LOD,0.0003,0.0013,0.0003,0.018,0.0005,0.0009,0.0005,0.0054,0.0004,< LOD,0.0005,< LOD,0.0005,< LOD,0.0006,< LOD,0.0013,< LOD,0.0009,< LOD,0.0017,< LOD,0.0102,< LOD,0.003,< LOD,0.0141,< LOD,0.0261,< LOD,0.0094,< LOD,0.0003,< LOD,0.0006,< LOD,0.0007,< LOD,0.0005,< LOD,0.0011,< LOD,0.0004,< LOD,0.0003,< LOD,0.0012,< LOD,0.0012,< LOD,0.0015,< LOD,0.0038,Passed
PP-18,2595,11-25-2020 01:55,GeoChem,GeoChem Trace,180,2.5899,1.0851,3.5832,0.2081,12.9174,0.1618,0.3038,0.033,0.2714,0.0102,0.2578,0.0055,0.3693,0.0088,28.8625,0.0413,0.1801,0.0042,0.003,0.0019,< LOD,0.0011,0.0233,0.0024,1.7051,0.0115,< LOD,0.0021,0.0014,0.0006,0.0053,0.0006,0.0018,0.0003,< LOD,0.0002,< LOD,0.0003,0.0012,0.0003,0.017,0.0005,0.001,0.0005,0.0054,0.0003,< LOD,0.0006,< LOD,0.0005,< LOD,0.0006,< LOD,0.0014,< LOD,0.0009,< LOD,0.0016,< LOD,0.0104,< LOD,0.0028,< LOD,0.0135,< LOD,0.0173,< LOD,0.0095,< LOD,0.0003,< LOD,0.0006,< LOD,0.0006,< LOD,0.0005,< LOD,0.001,< LOD,0.0004,< LOD,0.0003,< LOD,0.0011,< LOD,0.0011,< LOD,0.0015,< LOD,0.0037,Passed
PP-18,2596,11-25-2020 01:59,GeoChem,GeoChem Trace,180,3.4809,0.8537,2.4969,0.169,8.7,0.1315,0.2348,0.0276,0.359,0.0113,0.2089,0.0038,0.1195,0.0074,21.2398,0.0352,0.1251,0.0035,0.0018,0.0016,< LOD,0.0009,0.0159,0.0019,1.1036,0.0087,< LOD,0.0019,0.0017,0.0007,0.0044,0.0006,0.0018,0.0004,< LOD,0.0002,< LOD,0.0003,0.0011,0.0004,0.0187,0.0005,0.0007,0.0006,0.0054,0.0004,< LOD,0.0006,< LOD,0.0007,< LOD,0.0006,< LOD,0.0012,< LOD,0.0012,< LOD,0.0018,< LOD,0.0101,< LOD,0.0046,< LOD,0.0151,< LOD,0.0206,< LOD,0.0089,< LOD,0.0004,< LOD,0.0004,< LOD,0.0008,< LOD,0.0004,< LOD,0.0012,< LOD,0.0003,< LOD,0.0002,< LOD,0.0013,< LOD,0.0014,< LOD,0.0018,< LOD,0.0044,Passed
PP-19,2597,11-25-2020 02:03,GeoChem,GeoChem Trace,180,5.7203,1.0743,4.5474,0.2243,15.7264,0.1785,0.3478,0.0355,0.4945,0.0095,0.0906,0.0068,0.3914,0.0089,33.9787,0.0447,0.1637,0.0044,0.0026,0.002,< LOD,0.0012,0.0227,0.0025,1.8561,0.0125,< LOD,0.0019,0.0008,0.0006,0.0046,0.0006,0.0015,0.0003,0.0002,0.0001,< LOD,0.0002,0.0016,0.0003,0.025,0.0005,< LOD,0.0004,0.0051,0.0003,< LOD,0.0004,< LOD,0.0004,< LOD,0.0006,< LOD,0.0015,< LOD,0.0008,< LOD,0.0015,< LOD,0.0098,< LOD,0.0036,< LOD,0.0105,< LOD,0.0159,< LOD,0.008,< LOD,0.0003,< LOD,0.0005,< LOD,0.0007,< LOD,0.0005,< LOD,0.0009,< LOD,0.0005,< LOD,0.0004,< LOD,0.001,< LOD,0.0011,< LOD,0.0014,< LOD,0.0032,Passed
PP-19,2598,11-25-2020 02:08,GeoChem,GeoChem Trace,180,3.1877,0.6555,1.0153,0.1238,3.4126,0.0868,0.0981,0.0203,0.1394,0.0106,0.0184,0.0015,< LOD,0.0049,10.4657,0.0246,0.0394,0.0023,< LOD,0.0012,< LOD,0.0006,0.0045,0.0011,0.2889,0.0039,< LOD,0.0012,0.0027,0.0013,0.0043,0.0007,0.0015,0.0006,0.0003,0.0002,< LOD,0.0005,< LOD,0.0006,0.034,0.001,< LOD,0.0009,0.0067,0.0007,< LOD,0.0012,< LOD,0.0009,< LOD,0.0004,< LOD,0.0009,< LOD,0.002,< LOD,0.0043,< LOD,0.0086,< LOD,0.0055,< LOD,0.0243,< LOD,0.0344,< LOD,0.0061,< LOD,0.0006,< LOD,0.0007,< LOD,0.0014,< LOD,0.0003,< LOD,0.0018,< LOD,0.0001,< LOD,0.0001,< LOD,0.0022,< LOD,0.0022,< LOD,0.0028,< LOD,0.007,Passed
PP-19,2599,11-25-2020 02:11,GeoChem,GeoChem Trace,180,3.5857,0.8295,2.293,0.1668,8.3536,0.1296,0.237,0.0276,0.3036,0.0109,0.0445,0.0033,< LOD,0.0068,21.5783,0.0354,0.0876,0.0032,< LOD,0.0015,< LOD,0.0009,0.0085,0.0016,0.7401,0.0071,< LOD,0.0016,0.0015,0.0008,0.0046,0.0006,0.002,0.0004,< LOD,0.0002,< LOD,0.0003,0.0011,0.0004,0.0364,0.0007,0.0008,0.0006,0.0065,0.0005,< LOD,0.0008,< LOD,0.0006,< LOD,0.0005,< LOD,0.0011,< LOD,0.0013,< LOD,0.0021,< LOD,0.0095,< LOD,0.0052,< LOD,0.0142,< LOD,0.0331,< LOD,0.0084,< LOD,0.0004,< LOD,0.0005,< LOD,0.0009,< LOD,0.0004,< LOD,0.0013,< LOD,0.0002,< LOD,0.0002,< LOD,0.0015,< LOD,0.0015,< LOD,0.0019,< LOD,0.0049,Passed
